{
  "type": "AI_AbstractTrainingDataset",
  "id": "udt_ucf24",
  "name": "UDT_UCF24",
  "description": "Training dataset formulated from GeoPose data that was based on firsthand data collected at the University of Central Florida",
  "license": "CC BY-SA 4.0",
  "version": "1.0",
  "providers": [
    "University of Central Florida"
  ],
  "dataSources": [
    {
      "title": "Urban Digital Twin Lab: UCF Roads (Prelimenary)",
      "date": "2024-09-13"
    }
  ],
  "tasks": [
    {
      "type": "AI_AbstractTask",
      "id": "ucf-udt-task",
      "description": "Classifying images based on road surface shown."
    }
  ],
  "createdTime": "1970-01-01 00:23:30.270052",
  "amountOfTrainingData": 5,
  "numberOfClasses": 5,
  "classes": [
    {
      "key": "asphalt",
      "value": 1
    },
    {
      "key": "fine_gravel",
      "value": 2
    },
    {
      "key": "pavement",
      "value": 3
    },
    {
      "key": "grass",
      "value": 4
    },
    {
      "key": "paving_stones",
      "value": 5
    }
  ],
  "labeling": [
    {
      "type": "AI_AbstractLabeling",
      "id": "udt_ucf24-labeling1",
      "scope": {
        "level": "dataset",
        "levelDescription": [
          {
            "dataset": "udt_ucf24"
          }
        ]
      },
      "labelers": [
        {
          "type": "AI_Labeler",
          "id": "udt_ucf24-labeler1",
          "name": "demo-name"
        }
      ],
      "procedure": {
        "type": "AI_LabelingProcedure",
        "id": "udt_ucf24-procedure1",
        "methods": [
          "manual",
          "semi-automated"
        ],
        "tools": [
          "CVAT"
        ]
      }
    }
  ],
  "data": [
    {
      "type": "AI_AbstractTrainingData",
      "id": "annotation_1",
      "dataURL": [
        "images/img0046.jpg"
      ],
      "trainingType": "training",
      "geopose": {
        "authority": "/geopose/1.0",
        "id": "RotateTranslate",
        "parameters": "translation=[28.591256420693448, -81.18905174576001, 4.530231831595302]&rotation=[0.5902587618028738, 0.2433232579549127, -0.6961858346803842, 0.3281977441973224]"
      },
      "labels": [
        {
          "type": "AI_ObjectLabel",
          "class": "fine_gravel",
          "object": {
            "type": "Feature",
            "geometry": {
              "type": "Polygon",
              "coordinates": [
                [
                  0.0,
                  427.0,
                  3.0,
                  1080.0,
                  1080.0,
                  1076.0,
                  1080.0,
                  722.0,
                  922.0,
                  660.0,
                  854.0,
                  604.0,
                  818.0,
                  542.0,
                  847.0,
                  481.0,
                  745.0,
                  432.0,
                  170.0,
                  398.0
                ]
              ]
            },
            "properties": {
              "bbox": [
                0.0,
                398.0,
                1080.0,
                682.0
              ],
              "area": 650028.0,
              "attributes": {
                "occluded": false
              }
            }
          }
        }
      ]
    },
    {
      "type": "AI_AbstractTrainingData",
      "id": "annotation_2",
      "dataURL": [
        "images/img0047.jpg"
      ],
      "trainingType": "training",
      "geopose": {
        "authority": "/geopose/1.0",
        "id": "RotateTranslate",
        "parameters": "translation=[28.591268051688616, -81.18905295416187, 4.310764893889427]&rotation=[0.5875766384092032, 0.249244611868447, -0.6991136891918392, 0.3222900740146593]"
      },
      "labels": [
        {
          "type": "AI_ObjectLabel",
          "class": "fine_gravel",
          "object": {
            "type": "Feature",
            "geometry": {
              "type": "Polygon",
              "coordinates": [
                [
                  0.0,
                  357.0,
                  0.0,
                  1080.0,
                  1080.0,
                  1075.0,
                  1080.0,
                  659.0,
                  958.0,
                  589.0,
                  888.0,
                  444.0,
                  712.0,
                  381.0,
                  234.0,
                  338.0
                ]
              ]
            },
            "properties": {
              "bbox": [
                0.0,
                338.0,
                1080.0,
                742.0
              ],
              "area": 725685.0,
              "attributes": {
                "occluded": false
              }
            }
          }
        }
      ]
    },
    {
      "type": "AI_AbstractTrainingData",
      "id": "annotation_3",
      "dataURL": [
        "images/img0048.jpg"
      ],
      "trainingType": "training",
      "geopose": {
        "authority": "/geopose/1.0",
        "id": "RotateTranslate",
        "parameters": "translation=[28.59128570184934, -81.18905612135111, 4.162331234663725]&rotation=[0.5958768469445628, 0.2548435149664036, -0.6904503344713253, 0.3213471499034487]"
      },
      "labels": [
        {
          "type": "AI_ObjectLabel",
          "class": "fine_gravel",
          "object": {
            "type": "Feature",
            "geometry": {
              "type": "Polygon",
              "coordinates": [
                [
                  0.0,
                  344.0,
                  0.0,
                  1077.0,
                  1080.0,
                  1075.0,
                  1075.0,
                  499.0,
                  783.0,
                  376.0
                ]
              ]
            },
            "properties": {
              "bbox": [
                0.0,
                344.0,
                1080.0,
                733.0
              ],
              "area": 748531.0,
              "attributes": {
                "occluded": false
              }
            }
          }
        }
      ]
    },
    {
      "type": "AI_AbstractTrainingData",
      "id": "annotation_4",
      "dataURL": [
        "images/img0049.jpg"
      ],
      "trainingType": "training",
      "geopose": {
        "authority": "/geopose/1.0",
        "id": "RotateTranslate",
        "parameters": "translation=[28.59129979111913, -81.18905073469494, 3.925613978877664]&rotation=[0.5987450181826655, 0.2534998893437595, -0.6900615961215503, 0.3178949510652315]"
      },
      "labels": [
        {
          "type": "AI_ObjectLabel",
          "class": "fine_gravel",
          "object": {
            "type": "Feature",
            "geometry": {
              "type": "Polygon",
              "coordinates": [
                [
                  8.0,
                  355.0,
                  0.0,
                  1080.0,
                  1080.0,
                  1077.0,
                  1080.0,
                  534.0,
                  813.0,
                  431.0,
                  18.0,
                  371.0
                ]
              ]
            },
            "properties": {
              "bbox": [
                0.0,
                355.0,
                1080.0,
                725.0
              ],
              "area": 707801.0,
              "attributes": {
                "occluded": false
              }
            }
          }
        }
      ]
    },
    {
      "type": "AI_AbstractTrainingData",
      "id": "annotation_5",
      "dataURL": [
        "images/img0050.jpg"
      ],
      "trainingType": "training",
      "geopose": {
        "authority": "/geopose/1.0",
        "id": "RotateTranslate",
        "parameters": "translation=[28.59131820729, -81.18904903123962, 3.9782632626593113]&rotation=[0.60227922073451, 0.2495466164443091, -0.6898297025090089, 0.3148352598911739]"
      },
      "labels": [
        {
          "type": "AI_ObjectLabel",
          "class": "fine_gravel",
          "object": {
            "type": "Feature",
            "geometry": {
              "type": "Polygon",
              "coordinates": [
                [
                  0.0,
                  390.0,
                  0.0,
                  1078.0,
                  1080.0,
                  1076.0,
                  1075.0,
                  550.0,
                  855.0,
                  481.0,
                  848.0,
                  462.0,
                  919.0,
                  472.0,
                  893.0,
                  453.0
                ]
              ]
            },
            "properties": {
              "bbox": [
                0.0,
                390.0,
                1080.0,
                688.0
              ],
              "area": 687133.0,
              "attributes": {
                "occluded": false
              }
            }
          }
        }
      ]
    }
  ]
}